,homeTeam,awayTeam,penaltyMinutesRegularSeason,penaltyMinutesPlayoffs
0,Devils,Flyers,36.62266958177161,41.624281272772464
1,Devils,Kings,25.217129888228953,35.006036139699304
2,Devils,Lightning,31.969213994861942,55.00140904149908
3,Devils,Bruins,27.532368067537135,37.27153410864529
4,Devils,Rangers,40.227946278691014,44.142897833532174
5,Devils,Penguins,25.968482849683795,29.745796324000736
6,Devils,Red Wings,26.583428102744097,40.89242678388668
7,Devils,Sharks,33.42623618499357,36.954670222238505
8,Devils,Predators,26.16736825733506,33.256342294886124
9,Devils,Canucks,42.6601446758536,57.367306402197755
10,Devils,Blackhawks,32.74550304412605,37.1010850248512
11,Devils,Senators,29.013515434503375,37.700836574296886
12,Devils,Canadiens,28.37362540082322,35.805206356930256
13,Devils,Wild,25.29124309362573,36.642401719962834
14,Devils,Capitals,31.853486518956267,37.72818128981341
15,Devils,Blues,23.508598097928775,33.15417498552522
16,Devils,Ducks,29.10739038906826,37.657065705953315
17,Devils,Coyotes,25.188080416314527,35.586859045523255
18,Devils,Islanders,24.043146097772386,35.1976131691792
19,Devils,Maple Leafs,23.47259207246472,31.34612892823621
20,Devils,Panthers,29.080321808963525,39.012543623891005
21,Devils,Sabres,24.77956864869865,35.09825206545614
22,Devils,Flames,27.649841232728136,37.33016530072389
23,Devils,Avalanche,36.58289441060868,45.350992111414214
24,Devils,Stars,28.96119656848637,39.27008779662567
25,Devils,Blue Jackets,21.813680245801056,32.41808807940325
26,Devils,Jets,25.758575879405413,33.29586024078409
27,Devils,Oilers,25.888428450996855,35.689773827034784
28,Devils,Golden Knights,25.44396983774649,35.449983873633016
29,Devils,Hurricanes,26.82258619068313,38.2576674515825
30,Devils,Thrashers,28.347157985342996,38.34417514446886
31,Flyers,Devils,33.96942528356974,36.00693327682284
32,Flyers,Kings,21.267207923028888,27.127453445880423
33,Flyers,Lightning,32.276820284612846,44.858464997608664
34,Flyers,Bruins,29.41373415535047,34.79747452430168
35,Flyers,Rangers,31.384384727380777,36.083992660309306
36,Flyers,Penguins,26.10243696434988,26.070029279238476
37,Flyers,Red Wings,24.585353072625608,35.28480153610079
38,Flyers,Sharks,28.575762378370438,28.952510483415374
39,Flyers,Predators,30.484533610873115,31.086139709755372
40,Flyers,Canucks,26.47156491642125,42.34627019084952
41,Flyers,Blackhawks,24.417071224369856,25.904033856099247
42,Flyers,Senators,29.066594835758046,33.85655306440438
43,Flyers,Canadiens,28.53791554743968,60.51094336197805
44,Flyers,Wild,25.42513476730398,33.0521860082182
45,Flyers,Capitals,29.809686917925205,32.646440420107794
46,Flyers,Blues,21.667094031821335,27.403876009610705
47,Flyers,Ducks,34.771257886683074,39.366995347047734
48,Flyers,Coyotes,25.225160419946487,31.733832923974763
49,Flyers,Islanders,25.837616597900908,30.986133364986987
50,Flyers,Maple Leafs,21.646352701109905,26.562239439155093
51,Flyers,Panthers,30.2145974710242,36.15838839147533
52,Flyers,Sabres,25.913661016100676,32.42652296990083
53,Flyers,Flames,31.439135624879377,37.08116473829451
54,Flyers,Avalanche,29.167333976469738,37.16406409503358
55,Flyers,Stars,28.67092497203921,35.13631224495991
56,Flyers,Blue Jackets,28.031663472366017,34.58507207073516
57,Flyers,Jets,23.92547943607707,28.653487753362757
58,Flyers,Oilers,27.80806281001616,33.32009288612052
59,Flyers,Golden Knights,25.777954594633727,32.07148193269407
60,Flyers,Hurricanes,26.57296013980539,34.27575557930986
61,Flyers,Thrashers,28.390075915648257,34.70871475401301
62,Kings,Devils,22.73202589076473,21.61898081479417
63,Kings,Flyers,25.12342830757866,27.076980148538084
64,Kings,Lightning,29.55778175637203,38.651738999804955
65,Kings,Bruins,27.016256060781426,28.498218273794706
66,Kings,Rangers,32.036932183217125,31.86815768431795
67,Kings,Penguins,23.783699495696666,19.20300101376912
68,Kings,Red Wings,29.556765285879237,33.07337722122328
69,Kings,Sharks,26.257584576658736,23.355048378160742
70,Kings,Predators,28.15723564286564,23.956998723453683
71,Kings,Canucks,27.698721537665403,40.83370881545072
72,Kings,Blackhawks,21.134286951867253,18.919686041993316
73,Kings,Senators,26.435688542995013,27.00906110163184
74,Kings,Canadiens,21.789273513220433,21.352333109274912
75,Kings,Wild,22.84035210683612,26.154098396315792
76,Kings,Capitals,26.75996171740655,24.072443966313603
77,Kings,Blues,23.48160487727507,24.944706424920938
78,Kings,Ducks,32.25928333095939,33.68890122024287
79,Kings,Coyotes,21.19539665458816,23.468115130702426
80,Kings,Islanders,23.696827590010905,26.8075909656812
81,Kings,Maple Leafs,21.0260758873718,20.787740895600237
82,Kings,Panthers,26.760193467831503,28.461115752532944
83,Kings,Sabres,22.417370040396733,24.62097564447144
84,Kings,Flames,30.297061411345812,31.700421318240913
85,Kings,Avalanche,27.551741577674928,31.47639237489821
86,Kings,Stars,19.920257178666546,23.899375694314863
87,Kings,Blue Jackets,22.612352200187836,26.140432771564534
88,Kings,Jets,25.818530511121928,26.267188421184688
89,Kings,Oilers,25.557846959892803,27.175278237113012
90,Kings,Golden Knights,21.984683211885667,23.748441760598602
91,Kings,Hurricanes,24.27870809302529,27.803944441104676
92,Kings,Thrashers,25.824241465134776,27.801624816832387
93,Lightning,Devils,30.01663533875995,27.717542538975362
94,Lightning,Flyers,31.973293909688387,37.404534916736864
95,Lightning,Kings,27.372959502296887,32.243929450777166
96,Lightning,Bruins,29.48212621039096,31.84827903896108
97,Lightning,Rangers,48.67486087307111,50.306285515756024
98,Lightning,Penguins,33.996441974164306,28.426396504142716
99,Lightning,Red Wings,30.912338429032854,42.59433817742081
100,Lightning,Sharks,29.790801397817873,30.83876730969345
101,Lightning,Predators,29.42270881976691,29.04474332045404
102,Lightning,Canucks,32.76061786006487,45.75890023612761
103,Lightning,Blackhawks,32.1887166068992,34.0098935354351
104,Lightning,Senators,31.56812460451761,35.77133579623349
105,Lightning,Canadiens,30.323549896280355,34.834388280794855
106,Lightning,Wild,27.65998522479061,34.17284913406327
107,Lightning,Capitals,37.86855426969744,27.248713830081783
108,Lightning,Blues,26.831659422266124,31.762752933805096
109,Lightning,Ducks,33.80410372620602,37.65710140526737
110,Lightning,Coyotes,24.820390580793163,30.52031547472412
111,Lightning,Islanders,29.11365136648154,39.614738313203766
112,Lightning,Maple Leafs,27.52773695546212,30.089013555212624
113,Lightning,Panthers,31.9192883111576,37.167247430721964
114,Lightning,Sabres,30.004120938342297,35.44968934376017
115,Lightning,Flames,31.899990198930723,37.172534586311855
116,Lightning,Avalanche,33.35723248750733,40.60910931245559
117,Lightning,Stars,28.16375262781132,35.429462626456186
118,Lightning,Blue Jackets,29.33078863759559,38.41437628903803
119,Lightning,Jets,32.046050169006875,36.07505644364206
120,Lightning,Oilers,29.67008016576581,34.85431794021345
121,Lightning,Golden Knights,28.622671238091563,33.5584858946212
122,Lightning,Hurricanes,29.717220024260207,36.61458929734064
123,Lightning,Thrashers,31.244002590197976,36.618611556584014
124,Bruins,Devils,27.30422046959031,23.287866402329108
125,Bruins,Flyers,34.79556931746797,33.60215466833917
126,Bruins,Kings,28.4025458534312,26.82182995335506
127,Bruins,Lightning,50.6702002022152,54.19493235268153
128,Bruins,Rangers,35.40860651779413,34.17322066326152
129,Bruins,Penguins,29.902568053515157,25.5123715895919
130,Bruins,Red Wings,32.02648011173121,35.01209236190681
131,Bruins,Sharks,69.66806985600743,65.02458827048225
132,Bruins,Predators,33.745353315954645,29.723208402944678
133,Bruins,Canucks,42.31682182848907,45.18751258105226
134,Bruins,Blackhawks,28.946894506269615,25.183717617035615
135,Bruins,Senators,32.45293734434516,28.648990697618846
136,Bruins,Canadiens,32.448676105396984,32.96692588803698
137,Bruins,Wild,30.23798203870738,30.16848970901955
138,Bruins,Capitals,34.25775505721187,29.785299173967225
139,Bruins,Blues,29.164771320204345,27.570076865903044
140,Bruins,Ducks,32.3502151694947,29.86845483672793
141,Bruins,Coyotes,28.921443056430967,27.880900405761523
142,Bruins,Islanders,28.625407784984592,28.779326338913286
143,Bruins,Maple Leafs,38.86620409258549,27.835679148916746
144,Bruins,Panthers,29.67494272292159,28.544268270652868
145,Bruins,Sabres,28.64542476884686,27.442339137574212
146,Bruins,Flames,30.563830234466767,29.387459091063096
147,Bruins,Avalanche,30.135253810349425,30.263025624536848
148,Bruins,Stars,26.830232152242722,28.207539657892923
149,Bruins,Blue Jackets,25.521467114145068,27.964753128320943
150,Bruins,Jets,32.5471374583332,30.23301448357165
151,Bruins,Oilers,30.46870437751603,29.289150388175138
152,Bruins,Golden Knights,29.368139477809237,28.10749786797662
153,Bruins,Hurricanes,28.568200861362186,30.690380096392275
154,Bruins,Thrashers,31.881431520741273,30.697953055786275
155,Rangers,Devils,28.242610733096907,27.02338855220125
156,Rangers,Flyers,27.91599827053882,30.7329484121379
157,Rangers,Kings,20.627500221425763,23.29317933101335
158,Rangers,Lightning,33.49838470066811,42.965382094193316
159,Rangers,Bruins,28.0433279019323,30.409840372971956
160,Rangers,Penguins,22.546289820464683,22.173332421788484
161,Rangers,Red Wings,22.00129188828342,30.792145371112223
162,Rangers,Sharks,27.207704060337832,25.286238838909732
163,Rangers,Predators,29.004068038554898,25.7992935523468
164,Rangers,Canucks,28.697356845206755,42.618875067198815
165,Rangers,Blackhawks,20.60266513050721,18.915679255763692
166,Rangers,Senators,41.390603233037936,37.07709958787085
167,Rangers,Canadiens,28.145868251990898,24.985525136568334
168,Rangers,Wild,20.901550076529304,25.22814017674227
169,Rangers,Capitals,27.374980662541986,26.877843250800108
170,Rangers,Blues,21.507544710408254,24.08834039728935
171,Rangers,Ducks,41.26329321535049,42.5711803095011
172,Rangers,Coyotes,30.573686959729347,33.69646932016316
173,Rangers,Islanders,37.63342533413282,38.85385057176985
174,Rangers,Maple Leafs,23.359738913290453,24.163438386165257
175,Rangers,Panthers,32.20683084070459,34.81970070354623
176,Rangers,Sabres,22.439129875448607,25.62902844509443
177,Rangers,Flames,29.04396366233081,31.604069072242346
178,Rangers,Avalanche,34.13230762803429,37.72187539842445
179,Rangers,Stars,23.56178744632657,28.52957255967327
180,Rangers,Blue Jackets,17.772891880759925,24.69487445556927
181,Rangers,Jets,26.744786678678707,28.301048853853555
182,Rangers,Oilers,25.48427996265425,28.12114217769594
183,Rangers,Golden Knights,24.906614083473496,27.755322108293466
184,Rangers,Hurricanes,25.23252411982179,28.042101619817277
185,Rangers,Thrashers,26.928066247019753,29.83369612818006
186,Penguins,Devils,27.608331095600995,23.901371143741237
187,Penguins,Flyers,27.109663065734104,27.56861082852125
188,Penguins,Kings,23.404626380653568,23.510223138898603
189,Penguins,Lightning,32.58463794428364,26.00043572479514
190,Penguins,Bruins,26.27531863617491,26.53822828024753
191,Penguins,Rangers,25.255088822997312,27.153424507939242
192,Penguins,Red Wings,24.003146812057643,28.78211140108187
193,Penguins,Sharks,41.31422590267199,24.39646583965524
194,Penguins,Predators,28.084800043884293,28.62428111923806
195,Penguins,Canucks,25.005639022128577,37.756039221013296
196,Penguins,Blackhawks,21.77837564078179,17.55889284729615
197,Penguins,Senators,30.202439895581456,25.631947860666386
198,Penguins,Canadiens,22.53309234478859,30.189254289621857
199,Penguins,Wild,22.722322437659713,24.570995366656295
200,Penguins,Capitals,27.444504668445735,24.453677916646598
201,Penguins,Blues,22.78324809016041,22.99158549564634
202,Penguins,Ducks,28.59926943890536,27.5256722972032
203,Penguins,Coyotes,22.506639490184664,23.336591995482852
204,Penguins,Islanders,23.54696620883396,28.0376719373549
205,Penguins,Maple Leafs,20.85790805767113,19.381470726361982
206,Penguins,Panthers,31.568288029418337,31.77616114046364
207,Penguins,Sabres,23.20361929874519,23.927848808203102
208,Penguins,Flames,28.971295271377628,29.108206230263235
209,Penguins,Avalanche,27.317430795724384,29.769313218260947
210,Penguins,Stars,21.860261400223905,24.476636757706228
211,Penguins,Blue Jackets,24.068709599079597,24.730835172212466
212,Penguins,Jets,22.193039072428974,21.768824855633326
213,Penguins,Oilers,23.642591074472392,23.920851084061255
214,Penguins,Golden Knights,22.98396028738589,23.253975618935392
215,Penguins,Hurricanes,23.445827662946236,25.482956408235417
216,Penguins,Thrashers,25.712991001798216,26.191371416571464
217,Red Wings,Devils,33.17267385543967,32.031494047776604
218,Red Wings,Flyers,27.067926085975685,30.040842760350397
219,Red Wings,Kings,22.14612147028827,24.717903719165342
220,Red Wings,Lightning,29.513099496087804,36.90559543433409
221,Red Wings,Bruins,28.001058236009094,30.465153301872398
222,Red Wings,Rangers,26.609496848014356,28.489385319420826
223,Red Wings,Penguins,22.537818347428207,19.055077524188547
224,Red Wings,Sharks,26.535329418702133,24.62589161135698
225,Red Wings,Predators,30.89831316681571,27.644210302033546
226,Red Wings,Canucks,27.83599698103604,42.06416521320503
227,Red Wings,Blackhawks,22.204017706980274,20.56948364875889
228,Red Wings,Senators,27.695637689919344,29.367967392029385
229,Red Wings,Canadiens,25.282760900997722,25.905648997120117
230,Red Wings,Wild,22.8954182780922,26.068696163451396
231,Red Wings,Capitals,27.215626947758043,25.549917730802797
232,Red Wings,Blues,23.20933518893207,25.849020849839935
233,Red Wings,Ducks,23.245767324932583,24.83330241839274
234,Red Wings,Coyotes,22.98173562603758,26.301350019278885
235,Red Wings,Islanders,27.824852717069806,30.809153737337517
236,Red Wings,Maple Leafs,21.424756202680904,22.262540872448092
237,Red Wings,Panthers,30.782747621069074,33.5908574058831
238,Red Wings,Sabres,22.688993295881115,25.975559341978986
239,Red Wings,Flames,30.151769142916365,32.749778385481065
240,Red Wings,Avalanche,27.771123465925836,32.84761331248346
241,Red Wings,Stars,22.875071352024634,27.909094620985254
242,Red Wings,Blue Jackets,22.670561005173138,27.53477667130247
243,Red Wings,Jets,27.012179041337582,28.452529385724535
244,Red Wings,Oilers,22.929747405382138,25.66785949649276
245,Red Wings,Golden Knights,23.3561825820494,26.11678922194969
246,Red Wings,Hurricanes,26.525633297428506,31.070325916494753
247,Red Wings,Thrashers,26.174644773008325,29.234988566729097
248,Sharks,Devils,25.832435572771143,24.79264505820982
249,Sharks,Flyers,27.275507890667424,29.99242522959169
250,Sharks,Kings,20.46235303197647,23.128397806510556
251,Sharks,Lightning,27.750271307949774,37.94177732560611
252,Sharks,Bruins,27.362519332871187,30.054803353208655
253,Sharks,Rangers,27.265721656138787,29.351130491887798
254,Sharks,Penguins,24.205516486012574,20.037583028834767
255,Sharks,Red Wings,24.460012150704493,31.670628673762806
256,Sharks,Predators,29.408477482096544,25.31004355927396
257,Sharks,Canucks,29.59588540132051,42.97844250500772
258,Sharks,Blackhawks,22.32418331518933,20.465417604198308
259,Sharks,Senators,25.841420599870162,27.29992798317356
260,Sharks,Canadiens,21.48292101976464,21.935314707897888
261,Sharks,Wild,24.393498986939953,28.60173585076897
262,Sharks,Capitals,26.909642246601663,25.65825715670179
263,Sharks,Blues,21.646917568142854,36.81247740437552
264,Sharks,Ducks,26.871462438172898,29.38520327262974
265,Sharks,Coyotes,24.06945189958379,26.986983378808574
266,Sharks,Islanders,44.15829601359377,45.93592097845837
267,Sharks,Maple Leafs,22.271223279325085,23.190566208447624
268,Sharks,Panthers,26.939681241307625,29.58007084009978
269,Sharks,Sabres,26.685667879451568,29.73952418599003
270,Sharks,Flames,29.457519841766707,31.6436784453061
271,Sharks,Avalanche,25.958218637265404,30.698594319966553
272,Sharks,Stars,18.87651685562827,25.6606292690985
273,Sharks,Blue Jackets,22.775358404747575,27.56308796733922
274,Sharks,Jets,33.245259353196104,34.36528259033241
275,Sharks,Oilers,24.868010049890422,27.487186778902327
276,Sharks,Golden Knights,50.57939164051747,44.34337299862339
277,Sharks,Hurricanes,24.835985702195313,29.28501875711833
278,Sharks,Thrashers,26.253856539107606,29.05676877001047
279,Predators,Devils,28.21514612468047,26.338118782416977
280,Predators,Flyers,26.50725419802306,28.37511067025006
281,Predators,Kings,25.059680415952837,26.648435522535433
282,Predators,Lightning,34.67812026593219,43.82412425415329
283,Predators,Bruins,34.38371535712814,36.19848615663069
284,Predators,Rangers,31.353593440116363,32.41850154131952
285,Predators,Penguins,26.78209378953771,27.52526888659731
286,Predators,Red Wings,26.32478553480334,32.65293691594947
287,Predators,Sharks,40.191935165830145,25.415722484300765
288,Predators,Canucks,29.259431326718897,42.23034865901999
289,Predators,Blackhawks,26.176336661599056,21.334488414677168
290,Predators,Senators,25.779226222828644,26.382542498359168
291,Predators,Canadiens,27.08548269681953,26.487501555323703
292,Predators,Wild,23.5241661692258,26.913450385320093
293,Predators,Capitals,37.717067992407955,35.327487315355455
294,Predators,Blues,25.252914749893034,26.806117788156506
295,Predators,Ducks,31.1163555983209,29.325009875744964
296,Predators,Coyotes,27.959647637633545,32.38898057681152
297,Predators,Islanders,23.783883149460415,27.47670100449799
298,Predators,Maple Leafs,20.51456129930543,22.68587774288069
299,Predators,Panthers,29.048976355649252,30.855846678053634
300,Predators,Sabres,24.715211032411972,26.89575272487415
301,Predators,Flames,27.535875298208456,29.370287066048817
302,Predators,Avalanche,29.141513516898556,30.198400940069813
303,Predators,Stars,26.109208055573035,30.545067530504237
304,Predators,Blue Jackets,24.671141305717054,28.416107070073444
305,Predators,Jets,40.69688269515693,23.294011485113913
306,Predators,Oilers,26.829777514577223,28.595890944908447
307,Predators,Golden Knights,25.412288754228463,27.255122236519114
308,Predators,Hurricanes,26.453532402921535,29.865499200371843
309,Predators,Thrashers,28.232276480868425,30.15478601509335
310,Canucks,Devils,26.461204877033808,37.50323541304617
311,Canucks,Flyers,25.819558064993252,39.58003235033918
312,Canucks,Kings,23.624963161742418,38.35567323971917
313,Canucks,Lightning,42.10931397641431,59.09404093430085
314,Canucks,Bruins,31.39524711968852,44.801325223740406
315,Canucks,Rangers,32.830681821242045,46.648841626317406
316,Canucks,Penguins,25.466761567182015,34.1894458004595
317,Canucks,Red Wings,30.27463094986725,45.24959362884651
318,Canucks,Sharks,34.251881746648166,41.29874957620612
319,Canucks,Predators,35.779104699151404,44.40612666328768
320,Canucks,Blackhawks,26.042946220426607,34.72907332504353
321,Canucks,Senators,24.34610381063731,38.237889204618206
322,Canucks,Canadiens,24.649143970469318,34.73912777771645
323,Canucks,Wild,24.053152102664292,47.286816108971884
324,Canucks,Capitals,29.2142368097651,39.86382128780036
325,Canucks,Blues,24.463535768310344,33.196848981862416
326,Canucks,Ducks,26.006164668403994,39.757059384703496
327,Canucks,Coyotes,20.96755481744325,32.54742130970938
328,Canucks,Islanders,24.39486325392982,40.47574490052547
329,Canucks,Maple Leafs,22.70548829658469,35.763597827081455
330,Canucks,Panthers,31.69864386441611,45.27040822662144
331,Canucks,Sabres,23.911463249221896,36.333219002138264
332,Canucks,Flames,32.13414971359842,46.726246348992944
333,Canucks,Avalanche,29.020414473074702,46.10424116502159
334,Canucks,Stars,25.563677617453745,40.67458341414955
335,Canucks,Blue Jackets,22.135247633392794,38.69375158566319
336,Canucks,Jets,29.90453645093495,43.02318170543649
337,Canucks,Oilers,26.004321458868848,40.65314074966888
338,Canucks,Golden Knights,24.722363323936307,39.646801700598765
339,Canucks,Hurricanes,31.039484892001248,45.55620421196484
340,Canucks,Thrashers,27.561168594893232,42.826128180921565
341,Blackhawks,Devils,30.559527155541815,33.9483180416084
342,Blackhawks,Flyers,22.816167819056787,33.598141464715084
343,Blackhawks,Kings,20.746002451546076,30.911104137254867
344,Blackhawks,Lightning,26.987554866160593,44.88745791784223
345,Blackhawks,Bruins,26.69174530071673,36.26559434123683
346,Blackhawks,Rangers,27.16118048853787,36.742288715713215
347,Blackhawks,Penguins,21.645214699993815,25.828909101067744
348,Blackhawks,Red Wings,22.02687486303684,37.077471494565074
349,Blackhawks,Sharks,23.43929521740496,29.36982002821803
350,Blackhawks,Predators,23.744773477641022,18.934559088828664
351,Blackhawks,Canucks,25.525186799850744,46.893637126415584
352,Blackhawks,Senators,24.40328123100412,33.84267339918783
353,Blackhawks,Canadiens,22.894748123937564,31.2002556053883
354,Blackhawks,Wild,20.94957874514811,32.9599892858806
355,Blackhawks,Capitals,25.48822890566616,31.62487645147462
356,Blackhawks,Blues,21.92203701112495,38.06019460574105
357,Blackhawks,Ducks,24.3257997824992,33.734361302297685
358,Blackhawks,Coyotes,22.444671350695764,32.70351426875642
359,Blackhawks,Islanders,27.050604915388185,32.48087321361306
360,Blackhawks,Maple Leafs,22.28507822216307,27.02611093439618
361,Blackhawks,Panthers,24.6067623272425,35.29950865366092
362,Blackhawks,Sabres,22.840458779360524,32.90663097938452
363,Blackhawks,Flames,29.36975768675408,38.7105503708444
364,Blackhawks,Avalanche,23.76463447974515,36.75639255760079
365,Blackhawks,Stars,20.72307662643472,33.27370803111056
366,Blackhawks,Blue Jackets,21.082701507078056,33.07301048553469
367,Blackhawks,Jets,24.63090116941983,33.92407466044814
368,Blackhawks,Oilers,22.371233016556094,32.87915548839068
369,Blackhawks,Golden Knights,22.390934614435896,26.180065597362443
370,Blackhawks,Hurricanes,22.219232424943307,34.559097748342026
371,Blackhawks,Thrashers,23.750206313882906,34.599604837877344
372,Senators,Devils,33.486976927464156,30.775943557116545
373,Senators,Flyers,35.70030777801112,36.95468269751322
374,Senators,Kings,23.052212247650978,24.186405257982585
375,Senators,Lightning,34.402835604440654,41.720769880058825
376,Senators,Bruins,29.577323682785327,30.377987512355045
377,Senators,Rangers,27.307511682382287,27.772095205856385
378,Senators,Penguins,26.480038677856555,21.41884540320772
379,Senators,Red Wings,26.59412312711267,32.36058601079095
380,Senators,Sharks,31.953513916079167,29.72500597674544
381,Senators,Predators,30.761871238062447,26.23618799106752
382,Senators,Canucks,32.370173334917524,43.60034605966499
383,Senators,Blackhawks,23.548262983717642,20.488545522368973
384,Senators,Canadiens,31.42134054582695,30.15994386580106
385,Senators,Wild,25.507940645083217,29.522756624261508
386,Senators,Capitals,30.441954449996658,27.253238048294037
387,Senators,Blues,25.032577592700203,26.2556549641604
388,Senators,Ducks,29.397346387389778,29.3274184764598
389,Senators,Coyotes,22.935637665257918,24.76359977118983
390,Senators,Islanders,32.460960607891494,34.198193367650006
391,Senators,Maple Leafs,24.388005211892068,23.079150799335057
392,Senators,Panthers,26.12129008407046,27.451382683072204
393,Senators,Sabres,24.460179964646983,26.21699061765584
394,Senators,Flames,25.901096638226353,27.115570271187238
395,Senators,Avalanche,25.915023047705937,29.403781410552213
396,Senators,Stars,23.72818692299736,27.227768461382478
397,Senators,Blue Jackets,25.16373516352769,28.521803289267037
398,Senators,Jets,45.97145274696646,45.845167457885665
399,Senators,Oilers,27.245149722763525,28.451272953540315
400,Senators,Golden Knights,25.998862370149418,27.175059762112998
401,Senators,Hurricanes,27.87839373860911,30.782911602995412
402,Senators,Thrashers,28.713322502795165,30.063866285590898
403,Canadiens,Devils,26.056842484545662,25.036229934183773
404,Canadiens,Flyers,23.673257411181645,27.907859675188654
405,Canadiens,Kings,23.829076470542937,26.34544606747941
406,Canadiens,Lightning,28.451765931006264,38.62046799488442
407,Canadiens,Bruins,25.880778164693588,28.496793265486254
408,Canadiens,Rangers,28.157868341398622,30.034256776791494
409,Canadiens,Penguins,24.455425534313072,23.069338867624765
410,Canadiens,Red Wings,24.596916674603897,31.286466929862712
411,Canadiens,Sharks,25.14875523942062,23.329208282143764
412,Canadiens,Predators,22.599905001421668,22.399727040903127
413,Canadiens,Canucks,25.42025343988348,39.731579017142096
414,Canadiens,Blackhawks,20.898997542721332,19.195654403465138
415,Canadiens,Senators,28.037551560922612,29.787726165744957
416,Canadiens,Wild,36.80687640447189,39.91904506596262
417,Canadiens,Capitals,26.491919869948763,25.14709980307336
418,Canadiens,Blues,25.597838747316263,28.15217863927129
419,Canadiens,Ducks,25.34131239055454,26.99618742764194
420,Canadiens,Coyotes,24.60482056762741,27.82513187546394
421,Canadiens,Islanders,23.398530373751775,27.592419308801098
422,Canadiens,Maple Leafs,20.082736816079887,20.85122477015389
423,Canadiens,Panthers,28.8243725158708,31.741837016571214
424,Canadiens,Sabres,21.372455053580296,24.615157752876762
425,Canadiens,Flames,27.85956098588118,30.510321349182238
426,Canadiens,Avalanche,26.647607190095822,31.748411765880636
427,Canadiens,Stars,22.363359737644288,26.70817119863858
428,Canadiens,Blue Jackets,22.79114308897978,26.85575188157386
429,Canadiens,Jets,25.635424988848897,27.181079360007168
430,Canadiens,Oilers,23.331807242122057,26.16595160851032
431,Canadiens,Golden Knights,21.194011558917637,24.05868129418518
432,Canadiens,Hurricanes,23.452052674861882,28.11714750846808
433,Canadiens,Thrashers,24.767602771408473,27.909933483623004
434,Wild,Devils,26.68437056471198,21.42563644729871
435,Wild,Flyers,27.90713304668578,26.61602297729469
436,Wild,Kings,23.480005961063995,21.86313685000315
437,Wild,Lightning,28.99676149564641,34.89712403435273
438,Wild,Bruins,27.807817891005023,26.073584772701288
439,Wild,Rangers,28.698647042382845,26.391882089222058
440,Wild,Penguins,24.493196711850196,16.743220791646294
441,Wild,Red Wings,23.453572891270273,26.693250985919434
442,Wild,Sharks,25.88124490654001,19.919450512282058
443,Wild,Predators,29.701143575960376,22.28677467633581
444,Wild,Canucks,33.217569462822915,52.36600418785646
445,Wild,Blackhawks,23.49570127555499,17.66136302084659
446,Wild,Senators,27.060351665630648,24.659236477977128
447,Wild,Canadiens,31.74918453553483,31.052284606360935
448,Wild,Capitals,35.12404183969569,31.629135095095556
449,Wild,Blues,23.696064422847023,23.617493725320045
450,Wild,Ducks,27.418302295103206,24.744441479118215
451,Wild,Coyotes,22.567875793027007,21.701115513090127
452,Wild,Islanders,24.68483293930597,24.604867607467394
453,Wild,Maple Leafs,21.197664289944527,17.84897553197343
454,Wild,Panthers,26.796168130849484,25.40956288913288
455,Wild,Sabres,23.20871116116345,22.25988750610985
456,Wild,Flames,29.8295565764574,28.22752739317589
457,Wild,Avalanche,28.494362200771427,29.3956898506013
458,Wild,Stars,27.089856307201263,22.558222549924064
459,Wild,Blue Jackets,23.268632804409325,23.849717910141457
460,Wild,Jets,28.375362596333886,24.963839737372076
461,Wild,Oilers,25.086216906320104,23.686577551203953
462,Wild,Golden Knights,28.494049757287133,27.03477106478891
463,Wild,Hurricanes,26.940953340733046,26.380011897050352
464,Wild,Thrashers,26.745614463168913,25.553721091845894
465,Capitals,Devils,28.544927920022015,26.253641881522483
466,Capitals,Flyers,35.133793669830425,33.58215893502725
467,Capitals,Kings,22.96893667320997,24.89030818865709
468,Capitals,Lightning,31.020895242365974,29.752805980865
469,Capitals,Bruins,35.15003113823033,36.696725807338666
470,Capitals,Rangers,33.63516656225855,34.40589173800561
471,Capitals,Penguins,30.689450243539795,22.611805833467255
472,Capitals,Red Wings,21.886009711257092,28.232186996966423
473,Capitals,Sharks,28.30711760202965,26.19280988894556
474,Capitals,Predators,29.291813917527538,25.581207059061366
475,Capitals,Canucks,27.96806285383657,41.12036976064081
476,Capitals,Blackhawks,21.38776312098767,18.795854385264246
477,Capitals,Senators,21.859109563331725,22.68059011311188
478,Capitals,Canadiens,21.77563438720441,21.35311691916267
479,Capitals,Wild,24.18836312146319,27.38253106354488
480,Capitals,Blues,24.23298455260985,25.857842403465767
481,Capitals,Ducks,37.66090634178849,37.89849531882403
482,Capitals,Coyotes,23.977060081437642,26.235247032212296
483,Capitals,Islanders,25.350124825462757,34.916878113077985
484,Capitals,Maple Leafs,22.00621435470837,21.441558740223876
485,Capitals,Panthers,28.097745029690664,29.729516964297943
486,Capitals,Sabres,23.714610461684362,25.78075496237095
487,Capitals,Flames,30.397766848837403,32.027004906002276
488,Capitals,Avalanche,44.86367471833412,46.62903581962472
489,Capitals,Stars,23.831755804705644,28.16754563178376
490,Capitals,Blue Jackets,23.698752545989038,27.400326189391414
491,Capitals,Jets,28.076324288394225,28.50411930390973
492,Capitals,Oilers,25.006906957656373,27.266060569995442
493,Capitals,Golden Knights,25.882755747044715,26.157935657886174
494,Capitals,Hurricanes,25.691565103524795,29.241120124685036
495,Capitals,Thrashers,27.266133413961516,29.062549634160767
496,Blues,Devils,29.188448658487413,28.037875094975846
497,Blues,Flyers,27.34607849001847,30.403219777790543
498,Blues,Kings,23.21130482584087,25.842153110740874
499,Blues,Lightning,26.00710461318244,37.584805673281906
500,Blues,Bruins,26.938270355677936,37.16524857319587
501,Blues,Rangers,34.64806154618805,36.4743404937489
502,Blues,Penguins,24.11796881522602,20.694218048035584
503,Blues,Red Wings,20.028713563611028,27.549021881611996
504,Blues,Sharks,25.963919655664778,24.433287274090446
505,Blues,Predators,31.539572607354813,25.79512430590696
506,Blues,Canucks,27.49597111215389,41.9120163070064
507,Blues,Blackhawks,24.39481567698634,20.17534550088564
508,Blues,Senators,22.679401587431542,24.32725514459819
509,Blues,Canadiens,28.255849890843926,28.963529141394904
510,Blues,Wild,23.32038601813003,27.65721924823046
511,Blues,Capitals,27.975879380283224,26.438051034770545
512,Blues,Ducks,25.168185149497823,26.717471950262787
513,Blues,Coyotes,23.093357801044732,26.296348404084963
514,Blues,Islanders,22.575956411737195,26.8589984820472
515,Blues,Maple Leafs,21.54444814237565,22.28624269669079
516,Blues,Panthers,22.56185368972953,25.355779299615556
517,Blues,Sabres,21.307054203192813,24.520904806765863
518,Blues,Flames,30.281527345030028,32.69560785730555
519,Blues,Avalanche,27.961632513720808,33.10268214568757
520,Blues,Stars,22.66651351741914,27.24278486249883
521,Blues,Blue Jackets,22.80755616544815,27.230375972483294
522,Blues,Jets,27.123642366166454,29.763510570425684
523,Blues,Oilers,28.82428337332793,31.63008333094032
524,Blues,Golden Knights,23.48906881740377,26.233877203897404
525,Blues,Hurricanes,24.712306393798926,28.785763022683074
526,Blues,Thrashers,26.307531008362695,29.33127692728261
527,Ducks,Devils,25.138102161933922,22.357941691575395
528,Ducks,Flyers,30.347155152975144,27.978735772436767
529,Ducks,Kings,29.612618548007752,27.076821295616362
530,Ducks,Lightning,26.73865003598937,35.339850908327996
531,Ducks,Bruins,27.64216511075189,26.32448428372355
532,Ducks,Rangers,28.993086542505615,25.728566369725492
533,Ducks,Penguins,27.194302276026942,18.494667548855233
534,Ducks,Red Wings,28.512044276697704,30.40802259668861
535,Ducks,Sharks,29.327986027953813,22.225116855446103
536,Ducks,Predators,32.63034348498082,24.766401683049686
537,Ducks,Canucks,31.25669821398846,39.72428877072889
538,Ducks,Blackhawks,26.471275563336523,19.505085776139488
539,Ducks,Senators,27.58254006372049,26.518456941055565
540,Ducks,Canadiens,32.355622659067464,25.812840131021666
541,Ducks,Wild,26.353237263264226,25.311445549879803
542,Ducks,Capitals,46.65537235531062,43.24356794063108
543,Ducks,Blues,23.435280121573058,21.837562945950907
544,Ducks,Coyotes,25.28714516059352,23.881137410941676
545,Ducks,Islanders,29.729114736198436,27.87441850680104
546,Ducks,Maple Leafs,24.496605104530055,20.113882648719333
547,Ducks,Panthers,26.605006934995664,24.15256876265023
548,Ducks,Sabres,32.33760568658891,30.14204732920397
549,Ducks,Flames,32.29943121284363,29.26764898935162
550,Ducks,Avalanche,30.4420765516546,30.171858428931355
551,Ducks,Stars,25.554869136951694,25.260578425353422
552,Ducks,Blue Jackets,25.970458727023395,25.372870734946133
553,Ducks,Jets,33.5623786115635,28.380692632558954
554,Ducks,Oilers,27.574693511817564,28.18159779945399
555,Ducks,Golden Knights,25.72307946437843,23.180204529437717
556,Ducks,Hurricanes,34.34411558065229,33.37312789428418
557,Ducks,Thrashers,29.47640299059141,27.094529443471174
558,Coyotes,Devils,27.601052722063855,26.442454782080436
559,Coyotes,Flyers,36.22475279031035,39.07651537950635
560,Coyotes,Kings,25.848145473634137,28.34480618850747
561,Coyotes,Lightning,30.485967979143723,40.598408424522425
562,Coyotes,Bruins,27.480117556077083,29.908859233748206
563,Coyotes,Rangers,28.749319779598945,30.584726366642712
564,Coyotes,Penguins,24.30698472449236,20.766463714672568
565,Coyotes,Red Wings,24.383885398082626,31.71999650032472
566,Coyotes,Sharks,23.26613436200084,21.359820332959128
567,Coyotes,Predators,28.495849144034647,25.29076722718043
568,Coyotes,Canucks,27.9833564756112,42.17552621311344
569,Coyotes,Blackhawks,22.92120312322488,21.202874687539357
570,Coyotes,Senators,26.835830918880077,28.447713876985098
571,Coyotes,Canadiens,25.448730926569343,26.012480522787133
572,Coyotes,Wild,23.486301777557415,27.840224108633365
573,Coyotes,Capitals,23.765745399275872,23.292202938727044
574,Coyotes,Blues,27.245485101257255,29.732575143933452
575,Coyotes,Ducks,27.014703149435686,28.51363618168248
576,Coyotes,Islanders,24.365634363952033,28.29937691438262
577,Coyotes,Maple Leafs,20.85898134246781,21.597126170244323
578,Coyotes,Panthers,24.035556866291408,26.818128577067874
579,Coyotes,Sabres,22.845982598134984,26.03177827385256
580,Coyotes,Flames,32.616405589969986,35.102671060506495
581,Coyotes,Avalanche,31.341566535504192,35.67033155608294
582,Coyotes,Stars,23.021993571598937,28.017288815489373
583,Coyotes,Blue Jackets,22.893688579597725,27.643305999078503
584,Coyotes,Jets,26.12954417341375,27.588596633944867
585,Coyotes,Oilers,24.796183879367177,27.558916499984985
586,Coyotes,Golden Knights,23.723951639590574,26.493738017714
587,Coyotes,Hurricanes,24.750059194934494,29.214535844911012
588,Coyotes,Thrashers,26.388728607568556,29.38250544528909
589,Islanders,Devils,25.808447191689417,28.727063727140983
590,Islanders,Flyers,26.378031979059667,28.229291116052458
591,Islanders,Kings,22.002782520750788,28.510623524041545
592,Islanders,Lightning,29.712617634540273,44.90125558153768
593,Islanders,Bruins,25.490544874597763,32.38388996958
594,Islanders,Rangers,29.660167628392216,34.73393529551713
595,Islanders,Penguins,24.040150138026473,32.44327439540105
596,Islanders,Red Wings,22.654081915878763,34.00610312678505
597,Islanders,Sharks,24.167783550461145,26.078088187662257
598,Islanders,Predators,33.07148499990031,31.066364052671076
599,Islanders,Canucks,29.775911157703682,45.670565616636615
600,Islanders,Blackhawks,18.501343338346985,21.432312319401007
601,Islanders,Senators,27.274169336210395,30.59889529536189
602,Islanders,Canadiens,23.515895582046014,27.671023185843566
603,Islanders,Wild,22.26378539623274,30.67235465953113
604,Islanders,Capitals,24.833168022090085,33.258899817385604
605,Islanders,Blues,20.797412070195342,27.28580774274978
606,Islanders,Ducks,24.998235691753663,30.661069986963483
607,Islanders,Coyotes,19.419163344642,26.625001392766286
608,Islanders,Maple Leafs,18.70664663470653,24.623673101995003
609,Islanders,Panthers,25.361401288693962,32.2564393298142
610,Islanders,Sabres,20.028313771937807,27.437991771989743
611,Islanders,Flames,27.573800002411808,33.846561104748545
612,Islanders,Avalanche,25.049387505901763,34.164699566414825
613,Islanders,Stars,22.40822945828465,30.567532501398368
614,Islanders,Blue Jackets,20.978179640792,29.71273060904054
615,Islanders,Jets,23.449973888262665,29.035270063412142
616,Islanders,Oilers,31.356850404529865,34.56702979032458
617,Islanders,Golden Knights,19.788637063046444,26.558803923616672
618,Islanders,Hurricanes,22.89677678700863,28.8993428935092
619,Islanders,Thrashers,24.50017445007343,31.607459992817112
620,Maple Leafs,Devils,24.925388273299145,24.98242878977353
621,Maple Leafs,Flyers,20.022402252216544,24.219147888518886
622,Maple Leafs,Kings,19.92468676951646,23.50046353779851
623,Maple Leafs,Lightning,22.688140109500086,35.51048328395003
624,Maple Leafs,Bruins,20.194373222545,22.327017316570366
625,Maple Leafs,Rangers,24.059476225722193,28.052044584975313
626,Maple Leafs,Penguins,19.60372106383963,17.228495951889755
627,Maple Leafs,Red Wings,23.339290484949984,31.773920221290343
628,Maple Leafs,Sharks,22.01177376807516,22.030789417037703
629,Maple Leafs,Predators,21.585050451259995,19.965291865817093
630,Maple Leafs,Canucks,30.05279209745262,43.4831327425345
631,Maple Leafs,Blackhawks,16.395803250812683,15.678054550733288
632,Maple Leafs,Senators,21.574345963642763,24.443115133148815
633,Maple Leafs,Canadiens,22.248862550312268,23.934433691305586
634,Maple Leafs,Wild,19.29541005473927,24.689877202565558
635,Maple Leafs,Capitals,23.31513212191447,22.9288893529786
636,Maple Leafs,Blues,18.962451375868042,22.478435085959738
637,Maple Leafs,Ducks,22.30310670213003,25.0891014832802
638,Maple Leafs,Coyotes,18.91460655589448,23.223060080135276
639,Maple Leafs,Islanders,18.319663672390284,23.43377811514355
640,Maple Leafs,Panthers,22.458096611332746,26.558334377587595
641,Maple Leafs,Sabres,18.79098018447804,23.019394418704707
642,Maple Leafs,Flames,25.31136285193352,29.25757633900223
643,Maple Leafs,Avalanche,22.505287439322302,28.781186718286627
644,Maple Leafs,Stars,21.20039720316991,25.991035064772582
645,Maple Leafs,Blue Jackets,16.82946061727056,25.086494429554403
646,Maple Leafs,Jets,22.486665154956576,25.224134038097624
647,Maple Leafs,Oilers,21.783391558852276,25.62043871009449
648,Maple Leafs,Golden Knights,21.799634295781374,25.662956958884752
649,Maple Leafs,Hurricanes,23.14751788558333,27.92844523117337
650,Maple Leafs,Thrashers,21.662350379811325,25.8917313087006
651,Panthers,Devils,39.37252248849173,38.07620909527826
652,Panthers,Flyers,28.609725817504433,31.41694134839193
653,Panthers,Kings,24.558366016024735,26.903523357904767
654,Panthers,Lightning,30.297895705264445,40.210625423673065
655,Panthers,Bruins,33.67912775004081,35.93339198106131
656,Panthers,Rangers,27.94976538937705,29.72457606426463
657,Panthers,Penguins,21.99156465014547,19.02369943558745
658,Panthers,Red Wings,25.724872837765304,32.88054686038104
659,Panthers,Sharks,34.98290983132263,32.89869431536261
660,Panthers,Predators,29.819730553051453,26.549582013470726
661,Panthers,Canucks,29.251548198142864,43.19618598611055
662,Panthers,Blackhawks,26.41939772542942,24.595929529004987
663,Panthers,Senators,28.29501536188831,29.7660542840863
664,Panthers,Canadiens,26.689026213273287,27.105870420629827
665,Panthers,Wild,24.729257792061077,28.877685794663524
666,Panthers,Capitals,29.266594431181122,27.74705656464996
667,Panthers,Blues,24.76979839063928,27.168028929354037
668,Panthers,Ducks,25.21707092073882,26.640875185319032
669,Panthers,Coyotes,22.59830605227635,25.71053463044324
670,Panthers,Islanders,28.939969869408273,29.929426832917137
671,Panthers,Maple Leafs,24.22976839047081,23.58315957314354
672,Panthers,Sabres,24.806305429830797,27.89257161176338
673,Panthers,Flames,25.631070890224557,28.09613099157659
674,Panthers,Avalanche,29.19283716995501,34.0807813078302
675,Panthers,Stars,24.384084108746592,29.1656107235273
676,Panthers,Blue Jackets,24.202554400171746,28.832084180062846
677,Panthers,Jets,28.486772239581455,29.751551734289926
678,Panthers,Oilers,31.191581421899333,33.74949154950731
679,Panthers,Golden Knights,25.59287143656598,28.091740829056384
680,Panthers,Hurricanes,27.40377080539678,31.743884026342606
681,Panthers,Thrashers,27.709247740832474,30.53490564831501
682,Sabres,Devils,30.679610491208493,29.678914098613262
683,Sabres,Flyers,28.117365397689564,31.384666948918348
684,Sabres,Kings,23.215377729025363,25.949962139758824
685,Sabres,Lightning,28.38328525437762,38.80805380932567
686,Sabres,Bruins,24.284363906484554,27.09483671200472
687,Sabres,Rangers,28.956302169987268,30.991725758964527
688,Sabres,Penguins,21.435307669909573,18.180636073974007
689,Sabres,Red Wings,21.755650652923368,29.371310991306324
690,Sabres,Sharks,23.666757357595845,24.080100298121096
691,Sabres,Predators,20.62539602541278,19.16232796169176
692,Sabres,Canucks,24.991218018541723,39.53251741866828
693,Sabres,Blackhawks,19.705356591119827,18.20957288001272
694,Sabres,Senators,24.147049579189165,26.07011273791621
695,Sabres,Canadiens,23.3745045044452,24.151276007577167
696,Sabres,Wild,20.98491929388485,24.345691151354977
697,Sabres,Capitals,25.178081161535516,23.879109852968817
698,Sabres,Blues,20.64932037220342,23.497059830272477
699,Sabres,Ducks,25.20752043203,27.10839418039071
700,Sabres,Coyotes,19.1612475083702,22.54881843416821
701,Sabres,Islanders,18.692766544783066,22.420506266007834
702,Sabres,Maple Leafs,19.621362156441222,21.998779835988767
703,Sabres,Panthers,28.166697865818954,31.287931663681707
704,Sabres,Flames,25.452618122305395,28.40486446831111
705,Sabres,Avalanche,25.167502091740303,30.63330873672599
706,Sabres,Stars,20.315443083227713,25.564749836648602
707,Sabres,Blue Jackets,20.132472244906346,25.18571585105681
708,Sabres,Jets,24.424489070242405,26.22166787230809
709,Sabres,Oilers,20.980922716076698,24.042882968927728
710,Sabres,Golden Knights,21.06116031910115,24.057340808990915
711,Sabres,Hurricanes,22.99534505978227,27.846254932966332
712,Sabres,Thrashers,23.517589272630325,26.908414461253717
713,Flames,Devils,26.900323425915914,26.64129602305441
714,Flames,Flyers,28.842086734409065,32.39219911429714
715,Flames,Kings,31.632887417533304,34.91459314790544
716,Flames,Lightning,28.01919992382343,39.20602346399766
717,Flames,Bruins,28.605763319789077,31.999443388779092
718,Flames,Rangers,30.838268153708512,33.49637740091908
719,Flames,Penguins,22.16309813734808,20.90243790224879
720,Flames,Red Wings,27.996674505582497,34.94977822197407
721,Flames,Sharks,38.25830639460668,37.000926642495656
722,Flames,Predators,27.046661208312766,26.89605383662737
723,Flames,Canucks,32.68009614669768,46.0204313803417
724,Flames,Blackhawks,23.58181171494519,22.606530525121862
725,Flames,Senators,25.207753029669913,28.274878055526283
726,Flames,Canadiens,23.74641588266008,23.84899540539857
727,Flames,Wild,27.479785897216033,32.4032151712165
728,Flames,Capitals,27.23040350283303,28.201478441310243
729,Flames,Blues,24.58846598045429,27.973201927023936
730,Flames,Ducks,27.920223441812478,29.178169434973167
731,Flames,Coyotes,24.206256973053453,28.171267949841525
732,Flames,Islanders,25.772692708993354,30.465819074389415
733,Flames,Maple Leafs,19.455458549546766,23.828290749642573
734,Flames,Panthers,31.79252893650914,35.27388366758957
735,Flames,Sabres,24.197941495288077,28.113559101790546
736,Flames,Avalanche,31.63903601992043,37.91044968159592
737,Flames,Stars,24.04723093554331,29.793344289923997
738,Flames,Blue Jackets,23.297463758890558,28.778178263019385
739,Flames,Jets,28.495093053740028,31.883613933123495
740,Flames,Oilers,44.903738584510364,47.795631465775124
741,Flames,Golden Knights,24.863850303615763,28.606727862550883
742,Flames,Hurricanes,26.13882123821668,31.081654792126344
743,Flames,Thrashers,27.56064071195805,31.183217392694758
744,Avalanche,Devils,29.93176090808067,33.39434748934443
745,Avalanche,Flyers,29.361788646900326,36.84031460416831
746,Avalanche,Kings,30.67215063547674,37.89213247103796
747,Avalanche,Lightning,33.963836029586545,47.62856208547064
748,Avalanche,Bruins,28.102633571008624,35.14002263499492
749,Avalanche,Rangers,38.690673573040215,44.67313849848349
750,Avalanche,Penguins,24.78842478841427,28.093319759543725
751,Avalanche,Red Wings,26.894248527595526,38.87534425027509
752,Avalanche,Sharks,30.622426741140753,33.00498991458713
753,Avalanche,Predators,32.38580403506761,35.63542989269037
754,Avalanche,Canucks,28.964596761433683,44.20167981918017
755,Avalanche,Blackhawks,27.94430278153263,33.0099872521319
756,Avalanche,Senators,29.394541543526817,35.67689016837325
757,Avalanche,Canadiens,28.73748318812631,31.143690117829077
758,Avalanche,Wild,28.082760419170395,36.981879939788726
759,Avalanche,Capitals,30.4912218131985,33.3767372059632
760,Avalanche,Blues,28.105202667736876,35.1034033343592
761,Avalanche,Ducks,31.261305255616723,37.315998759571244
762,Avalanche,Coyotes,27.31597279187216,34.57089453772632
763,Avalanche,Islanders,28.556384326072262,37.28610508645774
764,Avalanche,Maple Leafs,25.557322370395312,31.219980417483896
765,Avalanche,Panthers,32.369444636185705,39.775601707890374
766,Avalanche,Sabres,26.35433517083949,34.12255957692231
767,Avalanche,Flames,36.634416700424,67.99498221913181
768,Avalanche,Stars,28.271898131268305,42.16401141820165
769,Avalanche,Blue Jackets,28.282334161182302,37.558063395068935
770,Avalanche,Jets,36.05976703105354,42.15017259178279
771,Avalanche,Oilers,31.1776021258767,38.41367894608414
772,Avalanche,Golden Knights,30.517999745922154,37.988599982270195
773,Avalanche,Hurricanes,26.331904266205612,35.36417078298092
774,Avalanche,Thrashers,30.515175213785316,38.1383164230143
775,Stars,Devils,28.64848341326772,27.96450600731567
776,Stars,Flyers,28.204160631067307,31.40187115995583
777,Stars,Kings,23.403120171744682,26.656162309032705
778,Stars,Lightning,30.5120848125749,48.181763684234056
779,Stars,Bruins,35.98126820190488,37.998577251473804
780,Stars,Rangers,40.442006235124786,42.685118462111156
781,Stars,Penguins,20.105165128742485,19.199642837710968
782,Stars,Red Wings,25.309330312764104,33.18950415500819
783,Stars,Sharks,24.440888583699206,22.650416908248765
784,Stars,Predators,29.46244780747181,29.01730780745492
785,Stars,Canucks,26.786846233468257,42.27448552732106
786,Stars,Blackhawks,22.62989321779046,21.449446880000895
787,Stars,Senators,27.826420279282594,29.87121258107709
788,Stars,Canadiens,26.34464207932413,27.224515346695668
789,Stars,Wild,24.31450612794997,28.029953721523405
790,Stars,Capitals,29.11241943929267,28.208480298032622
791,Stars,Blues,26.87913988300003,27.013213015433152
792,Stars,Ducks,27.995303073740274,30.01911224104615
793,Stars,Coyotes,29.680130738729254,33.13602209350766
794,Stars,Islanders,24.176759403719718,28.98112070547473
795,Stars,Maple Leafs,20.39918993604168,23.121525654110563
796,Stars,Panthers,34.32526974606327,37.39259174202866
797,Stars,Sabres,22.855837609955913,26.599078891788025
798,Stars,Flames,30.534042921222394,33.24749515100477
799,Stars,Avalanche,28.918301428795463,38.69377261161439
800,Stars,Blue Jackets,27.816289815841618,32.054503336212086
801,Stars,Jets,29.940567302102664,30.993705445555864
802,Stars,Oilers,32.566566447821984,34.84739977985265
803,Stars,Golden Knights,24.68274812978054,27.733136118524307
804,Stars,Hurricanes,24.73980673735285,29.68315580621929
805,Stars,Thrashers,27.3524940536331,30.88429193884341
806,Blue Jackets,Devils,27.735977967262315,26.360162512116332
807,Blue Jackets,Flyers,23.6137633660669,26.56934082694981
808,Blue Jackets,Kings,19.6390618100576,22.04572374754118
809,Blue Jackets,Lightning,26.303549157234336,26.927217864347046
810,Blue Jackets,Bruins,26.49758962011717,30.176018220953765
811,Blue Jackets,Rangers,25.08131977502827,27.63467510207866
812,Blue Jackets,Penguins,20.514244484664978,17.015999175599454
813,Blue Jackets,Red Wings,21.17939100732809,28.372263489935214
814,Blue Jackets,Sharks,22.907896681268905,21.486950934606
815,Blue Jackets,Predators,19.87108100050173,17.232879677443318
816,Blue Jackets,Canucks,24.40978149137946,38.521437684641725
817,Blue Jackets,Blackhawks,20.675256101632787,18.675420098938012
818,Blue Jackets,Senators,23.18577997050336,24.864137667243508
819,Blue Jackets,Canadiens,19.728873383417135,20.119788879371328
820,Blue Jackets,Wild,18.83594204864769,22.82943023401788
821,Blue Jackets,Capitals,26.557598425506093,22.699384591462415
822,Blue Jackets,Blues,19.806604442813793,22.180713199557886
823,Blue Jackets,Ducks,23.026181657327044,24.493056847256135
824,Blue Jackets,Coyotes,23.56749782552795,25.971888935624307
825,Blue Jackets,Islanders,17.637155561344436,23.49114168392265
826,Blue Jackets,Maple Leafs,21.267148410082488,26.484674682892187
827,Blue Jackets,Panthers,22.05179456488674,24.83609584710826
828,Blue Jackets,Sabres,19.84057766864405,22.713538559957883
829,Blue Jackets,Flames,24.084811268631192,27.004571200194533
830,Blue Jackets,Avalanche,24.147023219937864,29.17024996892186
831,Blue Jackets,Stars,19.525510106934096,24.248009705121376
832,Blue Jackets,Jets,25.350047154273597,26.23112172150005
833,Blue Jackets,Oilers,21.222053741341675,23.995875956787735
834,Blue Jackets,Golden Knights,19.863061198553453,22.462077116456214
835,Blue Jackets,Hurricanes,19.30015582430007,23.688922316565456
836,Blue Jackets,Thrashers,22.580779682643747,25.456124598065877
837,Jets,Devils,24.698251992242113,22.877972724689386
838,Jets,Flyers,37.773007823936055,39.70790389989742
839,Jets,Kings,22.454148087840622,24.22945405020783
840,Jets,Lightning,22.461373124354324,36.04368350877147
841,Jets,Bruins,41.21415882768172,42.969651288513674
842,Jets,Rangers,28.21553646999404,29.589142995809826
843,Jets,Penguins,25.06395717201874,21.542688054984865
844,Jets,Red Wings,26.882620608025622,32.40739039278508
845,Jets,Sharks,27.38613418748732,24.749229944443968
846,Jets,Predators,24.419757259727085,22.26442504434764
847,Jets,Canucks,30.454689026652602,42.482380960473364
848,Jets,Blackhawks,21.46742054081144,19.543570427302704
849,Jets,Senators,30.59536870836893,31.29705882824149
850,Jets,Canadiens,22.625566179634514,22.278118213635032
851,Jets,Wild,22.678887997797162,26.071081738398853
852,Jets,Capitals,27.25691941619825,25.293885666699488
853,Jets,Blues,25.722488149703548,24.732216005634996
854,Jets,Ducks,26.478839173189986,27.11518099863646
855,Jets,Coyotes,24.08476954887528,26.389558552643336
856,Jets,Islanders,23.772770762296908,27.280317545025603
857,Jets,Maple Leafs,20.900122223016716,21.019835085842484
858,Jets,Panthers,32.63341394555895,34.45296897677213
859,Jets,Sabres,22.249864545430196,24.552734976497803
860,Jets,Flames,28.900504783510712,30.563199705776498
861,Jets,Avalanche,27.349189411990864,31.499008163864584
862,Jets,Stars,26.00958938592034,28.916213578289806
863,Jets,Blue Jackets,22.487083785073768,26.280495483729645
864,Jets,Oilers,23.57565272005774,25.830572144122073
865,Jets,Golden Knights,21.8278548720942,22.3890971690836
866,Jets,Hurricanes,22.132223706087853,25.64177430705315
867,Jets,Thrashers,25.71529303855951,27.753272639286273
868,Oilers,Devils,29.017821090503617,27.917701020816313
869,Oilers,Flyers,26.252596050819434,30.512482397096825
870,Oilers,Kings,24.84382766598992,28.465580769470535
871,Oilers,Lightning,35.7304185563655,46.97047927524467
872,Oilers,Bruins,29.68667574715452,33.34492687928435
873,Oilers,Rangers,33.30181002517074,36.20810489879574
874,Oilers,Penguins,23.060257945108567,20.73831210354295
875,Oilers,Red Wings,20.59289248904581,29.165293165457264
876,Oilers,Sharks,25.56045970590828,23.86098821617093
877,Oilers,Predators,27.314969889196405,25.422665171774568
878,Oilers,Canucks,24.72856293620504,39.076343411614644
879,Oilers,Blackhawks,27.16342311949553,28.790273970329622
880,Oilers,Senators,25.840621802139207,27.56134639978302
881,Oilers,Canadiens,26.384502230316865,26.45710818840594
882,Oilers,Wild,21.664496209043676,27.187220704416337
883,Oilers,Capitals,25.158676576715013,24.901422359716275
884,Oilers,Blues,24.548944146907036,28.277808449541244
885,Oilers,Ducks,22.842639498744937,32.84774438115605
886,Oilers,Coyotes,22.28173975536012,26.689399970996284
887,Oilers,Islanders,23.340333721380105,28.443846011621513
888,Oilers,Maple Leafs,20.86358097289378,22.646399587819943
889,Oilers,Panthers,24.067553396557642,28.191127898534823
890,Oilers,Sabres,21.884743711959246,26.198905945528217
891,Oilers,Flames,34.64703479580186,38.270434520634375
892,Oilers,Avalanche,26.91250449549694,33.047844821988626
893,Oilers,Stars,21.467094213959008,27.652868643736337
894,Oilers,Blue Jackets,19.968066642252246,26.029984987076762
895,Oilers,Jets,22.1285308123147,25.01726550694334
896,Oilers,Golden Knights,22.442321590686724,26.442710020658172
897,Oilers,Hurricanes,24.690595466081223,30.384176634506264
898,Oilers,Thrashers,25.24432098364789,29.458335170278325
899,Golden Knights,Devils,24.638927304106826,24.078448002528148
900,Golden Knights,Flyers,28.10820874497343,29.974790973188473
901,Golden Knights,Kings,21.10246121427027,20.255643885476477
902,Golden Knights,Lightning,30.130124903659585,39.13220521916999
903,Golden Knights,Bruins,27.39631763478885,29.028492232615168
904,Golden Knights,Rangers,37.050309651720866,38.08126889882331
905,Golden Knights,Penguins,23.059703992909753,18.771854139152513
906,Golden Knights,Red Wings,25.150683618431003,31.288810879397936
907,Golden Knights,Sharks,39.13749576687217,41.1036925488285
908,Golden Knights,Predators,32.77717539877979,28.813123751080035
909,Golden Knights,Canucks,27.59561242082158,36.5624221762173
910,Golden Knights,Blackhawks,23.025274389468986,20.032370025510918
911,Golden Knights,Senators,42.37408262943293,41.49715413159886
912,Golden Knights,Canadiens,22.72761042848529,22.193597121694427
913,Golden Knights,Wild,24.39746288787412,27.531392851167368
914,Golden Knights,Capitals,29.871370553721775,26.242881874385585
915,Golden Knights,Blues,26.96103610701464,28.573754525149347
916,Golden Knights,Ducks,27.636489668136992,27.912082520573467
917,Golden Knights,Coyotes,23.900561324687366,25.94205354185065
918,Golden Knights,Islanders,27.79125550941261,30.55549491461126
919,Golden Knights,Maple Leafs,22.26458911397974,22.04228777381254
920,Golden Knights,Panthers,28.029289931531178,29.510396133558096
921,Golden Knights,Sabres,23.563510857248964,25.54600836619774
922,Golden Knights,Flames,31.007144888180257,32.18360204559265
923,Golden Knights,Avalanche,31.61209698939949,35.53572018238104
924,Golden Knights,Stars,23.829062311117177,29.325872468785523
925,Golden Knights,Blue Jackets,23.499647430690754,27.16235252001408
926,Golden Knights,Jets,28.072162100278966,28.24202318325128
927,Golden Knights,Oilers,24.052207947453162,25.86496457895835
928,Golden Knights,Hurricanes,25.476971373708324,28.74771872766577
929,Golden Knights,Thrashers,27.106749067511437,28.838020285900864
930,Hurricanes,Devils,24.770798174313818,28.999810888401676
931,Hurricanes,Flyers,24.482788447523124,32.8171209260249
932,Hurricanes,Kings,27.808808811021258,30.57529250170583
933,Hurricanes,Lightning,27.59795026362635,41.81493991601826
934,Hurricanes,Bruins,24.648125218588792,32.34282314837665
935,Hurricanes,Rangers,27.123063160906334,42.15654179657963
936,Hurricanes,Penguins,21.42161082816979,23.260112587506647
937,Hurricanes,Red Wings,21.770597922148834,34.442862631047085
938,Hurricanes,Sharks,23.86591816001395,27.27445026837764
939,Hurricanes,Predators,25.625050089386328,28.075706126674213
940,Hurricanes,Canucks,25.490965842841362,44.5763771877764
941,Hurricanes,Blackhawks,18.822374237592477,21.71430971509288
942,Hurricanes,Senators,24.15693208524444,31.165863953007563
943,Hurricanes,Canadiens,21.137122291935825,27.78887007330248
944,Hurricanes,Wild,20.717172004470413,30.328510220019037
945,Hurricanes,Capitals,26.28817604594216,36.477810268884326
946,Hurricanes,Blues,20.687909288127926,28.582065222444935
947,Hurricanes,Ducks,24.055374755038894,31.104942860274477
948,Hurricanes,Coyotes,20.595731043090048,28.229766128678023
949,Hurricanes,Islanders,21.433800888464756,29.113783244348433
950,Hurricanes,Maple Leafs,19.07874217744005,24.882878596591713
951,Hurricanes,Panthers,24.347620488976155,32.69327844273289
952,Hurricanes,Sabres,20.22291575995585,28.70169324646288
953,Hurricanes,Flames,26.79537601300149,34.586579919946054
954,Hurricanes,Avalanche,26.181084794811056,35.674328806531605
955,Hurricanes,Stars,18.954204343452012,28.619558527985582
956,Hurricanes,Blue Jackets,20.19884663191546,30.294140906608547
957,Hurricanes,Jets,30.184134847660655,32.175473255413735
958,Hurricanes,Oilers,22.264908595737616,30.066469565552495
959,Hurricanes,Golden Knights,21.15280085896949,29.155635269330077
960,Hurricanes,Thrashers,23.50681555525062,31.979924850893916
961,Thrashers,Devils,28.726655791885364,27.52407938540638
962,Thrashers,Flyers,28.3420776184595,31.27559568026419
963,Thrashers,Kings,24.1443799627666,26.673470652913828
964,Thrashers,Lightning,31.03303988278114,41.085838608916234
965,Thrashers,Bruins,28.55873160019473,31.01584240293766
966,Thrashers,Rangers,30.63226942823035,32.48470347864671
967,Thrashers,Penguins,25.131712367918304,21.591283246121236
968,Thrashers,Red Wings,25.4466225894838,32.81517006294196
969,Thrashers,Sharks,27.65544515525036,25.684614563786553
970,Thrashers,Predators,29.513092582480684,26.280981981898517
971,Thrashers,Canucks,29.102920053390047,43.318635372768064
972,Thrashers,Blackhawks,23.362333028759686,21.636171355178035
973,Thrashers,Senators,27.97332222782663,29.580966199658192
974,Thrashers,Canadiens,26.33947176508251,26.937958942136763
975,Thrashers,Wild,24.319597058947267,28.67361127804594
976,Thrashers,Capitals,29.083704319610348,27.387247735505163
977,Thrashers,Blues,24.37980048020487,26.95093434849983
978,Thrashers,Ducks,27.98456255500497,29.492414224684772
979,Thrashers,Coyotes,24.090329722837797,27.35160483388242
980,Thrashers,Islanders,25.291511948813998,29.344708543554145
981,Thrashers,Maple Leafs,22.46346815309461,23.258561264131956
982,Thrashers,Panthers,28.270316142851502,31.03780336147992
983,Thrashers,Sabres,23.823325903793624,27.067200391161652
984,Thrashers,Flames,30.568231249954476,33.09290733151788
985,Thrashers,Avalanche,28.950721595683124,33.99647170448534
986,Thrashers,Stars,24.026979787071994,29.018311497302772
987,Thrashers,Blue Jackets,23.808231476278454,28.677742151666678
988,Thrashers,Jets,28.248876351753864,29.661772275150703
989,Thrashers,Oilers,25.940728028194762,28.61744733518673
990,Thrashers,Golden Knights,24.525861695958035,27.243776777128485
991,Thrashers,Hurricanes,25.726049946491205,30.296795363044588
